{
  "eye": {
    "orientation": [
      0.017967799678444862,
      -0.02919355034828186,
      0.7162354588508606,
      0.6970163583755493
    ],
    "magnitude": 0.5773502588272095,
    "position": [
      -8.302287101745605,
      -61.56679916381836,
      146.13523864746094
    ]
  },
  "paths": [],
  "ortho": false,
  "radius": 100,
  "visualHints": 0
}